state,county,total_deaths
CA,Los Angeles County,31094.0
AZ,Maricopa County,17970.0
IL,Cook County,15478.0
TX,Harris County,13207.0
NY,Kings County,10733.0
FL,Miami-Dade County,10385.0
NY,Queens County,9153.0
NV,Clark County,9078.0
TX,Bexar County,8905.0
CA,San Bernardino County,8527.0
CA,Orange County,8378.0
CA,Riverside County,8049.0
TX,Tarrant County,7639.0
NY,New York County,7254.0
TX,Dallas County,7239.0
CA,San Diego County,7160.0
MI,Wayne County,7090.0
NY,Bronx County,6870.0
NY,Nassau County,6293.0
NY,Suffolk County,6200.0
FL,Broward County,6004.0
OH,Cuyahoga County,5747.0
FL,Palm Beach County,5668.0
PA,Philadelphia County,5134.0
MI,Oakland County,5127.0
PA,Allegheny County,5057.0
OH,Franklin County,4865.0
OK,Oklahoma County,4831.0
AZ,Pima County,4498.0
TX,El Paso County,4404.0
MO,St. Louis County,4363.0
IN,Marion County,4241.0
OK,Tulsa County,4215.0
FL,Hillsborough County,4092.0
FL,Duval County,4057.0
NJ,Bergen County,3975.0
TX,Hidalgo County,3952.0
MA,Middlesex County,3865.0
NJ,Essex County,3860.0
NY,Erie County,3831.0
TN,Shelby County,3793.0
AL,Jefferson County,3790.0
KY,Jefferson County,3758.0
TN,Davidson County,3736.0
NY,Westchester County,3706.0
MN,Hennepin County,3627.0
CT,Hartford County,3555.0
FL,Orange County,3549.0
OH,Hamilton County,3459.0
CA,Sacramento County,3434.0
FL,Pinellas County,3406.0
OH,Montgomery County,3258.0
PA,Montgomery County,3213.0
NJ,Middlesex County,3168.0
NM,Bernalillo County,3153.0
CT,New Haven County,3119.0
CA,Fresno County,3073.0
WA,King County,3038.0
GA,Fulton County,3001.0
MD,Montgomery County,2960.0
CT,Fairfield County,2956.0
NC,Mecklenburg County,2922.0
RI,Providence County,2889.0
MA,Suffolk County,2882.0
CA,Santa Clara County,2864.0
FL,Polk County,2730.0
TX,Collin County,2715.0
MO,Jackson County,2710.0
MI,Macomb County,2657.0
MD,Baltimore city,2653.0
WI,Milwaukee County,2612.0
NJ,Ocean County,2600.0
CA,Kern County,2576.0
MA,Worcester County,2534.0
CA,Stanislaus County,2531.0
OH,Lucas County,2511.0
NY,Monroe County,2500.0
TX,Cameron County,2490.0
TN,Knox County,2472.0
TX,Lubbock County,2426.0
TX,Travis County,2424.0
AR,Pulaski County,2419.0
SC,Greenville County,2418.0
MD,Baltimore County,2406.0
LA,East Baton Rouge Parish,2392.0
CA,San Joaquin County,2389.0
NJ,Monmouth County,2381.0
MA,Essex County,2374.0
TX,Smith County,2371.0
CA,Alameda County,2339.0
IN,Lake County,2328.0
TX,Montgomery County,2254.0
UT,Salt Lake County,2245.0
PA,Lehigh County,2223.0
FL,Brevard County,2212.0
NY,Richmond County,2202.0
FL,Lee County,2195.0
OH,Stark County,2180.0
CO,El Paso County,2163.0
FL,Marion County,2154.0
OH,Summit County,2151.0
NJ,Hudson County,2135.0
MO,Greene County,2126.0
TN,Hamilton County,2105.0
DC,District of Columbia,2098.0
MI,Kent County,2081.0
NJ,Union County,2076.0
NJ,Morris County,2073.0
FL,Volusia County,2057.0
KS,Sedgwick County,2041.0
FL,Sarasota County,2035.0
MN,Ramsey County,2032.0
MS,Hinds County,2022.0
IN,Allen County,2014.0
MD,Prince George's County,2005.0
TX,Nueces County,1995.0
SC,Spartanburg County,1983.0
NJ,Passaic County,1977.0
NJ,Camden County,1977.0
GA,Richmond County,1969.0
FL,Pasco County,1944.0
AL,Mobile County,1938.0
PA,Lancaster County,1920.0
LA,Jefferson Parish,1910.0
NC,Wake County,1909.0
GA,Cobb County,1903.0
LA,Caddo Parish,1896.0
PA,Bucks County,1880.0
NC,Forsyth County,1875.0
NE,Douglas County,1873.0
NC,Guilford County,1869.0
IL,DuPage County,1869.0
MA,Bristol County,1855.0
PA,Delaware County,1821.0
MA,Hampden County,1812.0
IA,Polk County,1780.0
OR,Multnomah County,1774.0
FL,Escambia County,1767.0
WA,Pierce County,1735.0
CA,Ventura County,1711.0
NY,Onondaga County,1704.0
MI,Genesee County,1690.0
TX,Potter County,1648.0
SC,Charleston County,1647.0
CO,Adams County,1638.0
KY,Fayette County,1636.0
GA,Hall County,1634.0
WA,Spokane County,1627.0
TX,Denton County,1618.0
ID,Ada County,1613.0
DE,New Castle County,1601.0
NV,Washoe County,1594.0
FL,Alachua County,1570.0
PA,York County,1548.0
TX,Jefferson County,1545.0
PA,Berks County,1526.0
VA,Fairfax County,1510.0
AL,Montgomery County,1510.0
CA,Tulare County,1508.0
CA,Contra Costa County,1506.0
PA,Luzerne County,1500.0
FL,Lake County,1486.0
KS,Johnson County,1481.0
OH,Mahoning County,1464.0
FL,Manatee County,1451.0
CO,Jefferson County,1448.0
GA,Gwinnett County,1445.0
CO,Arapahoe County,1438.0
SC,Richland County,1430.0
CO,Denver County,1415.0
PA,Dauphin County,1413.0
AL,Madison County,1413.0
GA,Chatham County,1411.0
MA,Norfolk County,1411.0
IL,Will County,1386.0
MA,Plymouth County,1380.0
TX,Bell County,1378.0
IL,Lake County,1377.0
PA,Chester County,1377.0
TN,Sullivan County,1349.0
TN,Madison County,1342.0
SC,Horry County,1324.0
NY,Orange County,1322.0
FL,Leon County,1309.0
SC,Florence County,1300.0
TX,McLennan County,1293.0
GA,Muscogee County,1288.0
TX,Williamson County,1281.0
NY,Rockland County,1272.0
AZ,Mohave County,1271.0
IL,Peoria County,1271.0
TX,Taylor County,1268.0
FL,Osceola County,1267.0
GA,DeKalb County,1263.0
MD,Anne Arundel County,1254.0
SD,Minnehaha County,1254.0
IL,Kane County,1253.0
TN,Rutherford County,1249.0
FL,Collier County,1245.0
HI,Honolulu County,1243.0
MI,Washtenaw County,1223.0
TX,Webb County,1222.0
NJ,Burlington County,1216.0
OH,Butler County,1211.0
TX,Gregg County,1206.0
TX,Fort Bend County,1203.0
MO,St. Louis city,1201.0
MI,Saginaw County,1189.0
WI,Waukesha County,1189.0
GA,Bibb County,1184.0
NJ,Mercer County,1179.0
LA,Ouachita Parish,1176.0
VA,Henrico County,1167.0
MI,Ingham County,1160.0
PA,Cumberland County,1145.0
PA,Erie County,1140.0
NY,Albany County,1137.0
MI,Kalamazoo County,1134.0
CA,Placer County,1125.0
NC,Buncombe County,1123.0
AZ,Yuma County,1122.0
FL,Hernando County,1089.0
AR,Craighead County,1085.0
IL,Winnebago County,1082.0
OH,Lorain County,1082.0
MT,Yellowstone County,1078.0
PA,Westmoreland County,1070.0
AR,Sebastian County,1066.0
WV,Kanawha County,1052.0
SC,Anderson County,1048.0
AL,Tuscaloosa County,1043.0
MO,Clay County,1041.0
IN,Vanderburgh County,1034.0
ND,Cass County,1032.0
AL,Houston County,1032.0
AZ,Yavapai County,1027.0
TX,Galveston County,1018.0
NH,Hillsborough County,1015.0
NJ,Atlantic County,1015.0
NY,Oneida County,1011.0
MS,Lee County,1007.0
UT,Utah County,1006.0
AR,Benton County,1001.0
LA,St. Tammany Parish,995.0
WI,Dane County,994.0
MO,St. Charles County,987.0
SC,Lexington County,985.0
TX,Grayson County,985.0
FL,St. Lucie County,971.0
NC,Gaston County,970.0
CA,San Francisco County,964.0
FL,Seminole County,963.0
PA,Lackawanna County,961.0
TX,Ector County,951.0
FL,Clay County,945.0
TX,Wichita County,945.0
NY,Dutchess County,944.0
NC,Cumberland County,941.0
WA,Snohomish County,940.0
TN,Washington County,932.0
LA,Orleans Parish,929.0
IN,St. Joseph County,928.0
TX,Bowie County,927.0
LA,Lafayette Parish,921.0
MS,DeSoto County,918.0
WV,Monongalia County,916.0
NJ,Gloucester County,913.0
DE,Sussex County,912.0
KS,Shawnee County,908.0
NM,Dona Ana County,906.0
WI,Brown County,906.0
GA,Floyd County,904.0
LA,Rapides Parish,898.0
FL,Bay County,897.0
MN,Anoka County,894.0
VA,Roanoke city,890.0
WA,Clark County,888.0
NC,Catawba County,888.0
CO,Pueblo County,884.0
FL,Citrus County,870.0
CA,Santa Barbara County,868.0
VA,Richmond city,867.0
CA,San Mateo County,862.0
AR,Washington County,862.0
MO,Newton County,859.0
OK,Cleveland County,857.0
NC,Durham County,856.0
MS,Harrison County,855.0
TX,Brazos County,854.0
VA,Lynchburg city,854.0
PA,Northampton County,847.0
KS,Wyandotte County,847.0
OH,Allen County,846.0
NY,Broome County,841.0
NC,New Hanover County,841.0
CA,Imperial County,841.0
IL,Madison County,838.0
PA,Blair County,835.0
NJ,Somerset County,834.0
OR,Washington County,833.0
NC,Cabarrus County,829.0
KY,Warren County,826.0
CA,Solano County,822.0
NE,Lancaster County,821.0
MN,St. Louis County,820.0
PA,Montour County,819.0
MO,Boone County,802.0
OH,Trumbull County,801.0
VA,Norfolk city,797.0
IL,St. Clair County,791.0
NC,Pitt County,790.0
WV,Cabell County,783.0
MS,Forrest County,783.0
MS,Lauderdale County,778.0
CO,Larimer County,778.0
GA,Clarke County,777.0
NM,Sandoval County,776.0
PA,Franklin County,774.0
IL,Sangamon County,774.0
GA,Henry County,774.0
NM,San Juan County,773.0
WA,Yakima County,771.0
FL,Charlotte County,770.0
TX,Brazoria County,766.0
OR,Marion County,764.0
PA,Butler County,763.0
FL,Martin County,760.0
IN,Elkhart County,757.0
CA,Shasta County,757.0
IA,Linn County,753.0
CA,Monterey County,750.0
WI,Kenosha County,749.0
AR,Garland County,744.0
CO,Mesa County,742.0
PA,Cambria County,741.0
AL,Etowah County,737.0
FL,Highlands County,736.0
CO,Boulder County,735.0
AK,Anchorage Municipality,734.0
NC,Moore County,729.0
TX,Victoria County,728.0
IN,Tippecanoe County,728.0
TN,Sumner County,725.0
CA,Sonoma County,724.0
GA,Dougherty County,723.0
ID,Kootenai County,722.0
MI,St. Clair County,718.0
LA,Calcasieu Parish,717.0
AZ,Pinal County,716.0
VA,Virginia Beach city,714.0
KY,McCracken County,709.0
SC,York County,704.0
IN,Hendricks County,703.0
CA,Butte County,700.0
KY,Pike County,694.0
CT,New London County,692.0
FL,Okaloosa County,686.0
TX,Tom Green County,683.0
UT,Washington County,679.0
WA,Benton County,677.0
MI,Muskegon County,674.0
PA,Washington County,672.0
MD,Washington County,670.0
MN,Stearns County,668.0
WI,Marathon County,664.0
PA,Lycoming County,660.0
IN,Hamilton County,659.0
OH,Lake County,656.0
ME,Cumberland County,653.0
PA,Beaver County,650.0
GA,Carroll County,649.0
IL,Champaign County,648.0
TX,Midland County,647.0
OR,Clackamas County,646.0
FL,Sumter County,645.0
VA,Chesterfield County,639.0
NC,Iredell County,639.0
ID,Canyon County,637.0
WI,Outagamie County,637.0
KY,Daviess County,636.0
OR,Lane County,632.0
VA,Winchester city,628.0
IA,Johnson County,627.0
CO,Douglas County,625.0
AL,Baldwin County,625.0
AL,Calhoun County,623.0
CO,Weld County,623.0
IN,Vigo County,618.0
MI,Bay County,618.0
MI,Jackson County,617.0
IN,Delaware County,617.0
DE,Kent County,609.0
IA,Black Hawk County,608.0
NJ,Cumberland County,608.0
KY,Hardin County,607.0
OH,Clark County,606.0
FL,Indian River County,601.0
OR,Jackson County,599.0
WI,Racine County,599.0
TN,Maury County,595.0
TX,Angelina County,594.0
IN,Madison County,591.0
NC,Rowan County,589.0
LA,Tangipahoa Parish,587.0
PA,Fayette County,585.0
GA,Lowndes County,584.0
MD,Harford County,582.0
MI,Berrien County,579.0
OH,Richland County,578.0
TX,Comal County,577.0
NC,Cleveland County,575.0
UT,Weber County,574.0
MD,Wicomico County,574.0
VA,Newport News city,574.0
KY,Boyd County,570.0
NY,Niagara County,570.0
MS,Jackson County,563.0
CA,Merced County,563.0
AL,Lee County,562.0
MI,Ottawa County,560.0
CA,Kings County,558.0
WA,Thurston County,551.0
MN,Olmsted County,551.0
IA,Woodbury County,548.0
GA,Forsyth County,544.0
MS,Lafayette County,543.0
KY,Kenton County,543.0
PA,Monroe County,543.0
IL,Rock Island County,538.0
MN,Dakota County,536.0
GA,Fayette County,536.0
ND,Burleigh County,533.0
GA,Glynn County,531.0
OH,Greene County,529.0
PA,Schuylkill County,528.0
OR,Deschutes County,523.0
IN,Warrick County,521.0
CT,Middlesex County,519.0
WV,Raleigh County,518.0
MA,Barnstable County,515.0
MT,Cascade County,514.0
MD,Frederick County,514.0
IN,Floyd County,513.0
MO,Cole County,513.0
TN,Putnam County,510.0
MO,Cape Girardeau County,508.0
OH,Warren County,503.0
NC,Wayne County,500.0
IA,Scott County,499.0
TN,Montgomery County,498.0
GA,Spalding County,498.0
OH,Fairfield County,498.0
AL,Lauderdale County,495.0
RI,Kent County,492.0
IN,Porter County,492.0
VA,Hanover County,490.0
GA,Houston County,490.0
IN,Wayne County,489.0
IN,Monroe County,489.0
TX,Rockwall County,488.0
TX,Ellis County,488.0
MD,Allegany County,488.0
TX,Hays County,486.0
NC,Orange County,485.0
NC,Surry County,485.0
MI,Calhoun County,484.0
MI,Grand Traverse County,484.0
NC,Union County,484.0
IN,Howard County,483.0
VA,Prince William County,480.0
WI,La Crosse County,480.0
OK,Comanche County,479.0
NC,Henderson County,477.0
GA,Coweta County,475.0
ID,Bonneville County,472.0
OH,Licking County,471.0
ME,Penobscot County,470.0
SC,Aiken County,470.0
VA,Arlington County,468.0
OK,Muskogee County,468.0
WI,Winnebago County,467.0
IL,McLean County,466.0
OH,Tuscarawas County,464.0
PA,Mercer County,463.0
MS,Lowndes County,463.0
AR,Faulkner County,462.0
OH,Ross County,462.0
MD,Carroll County,461.0
WV,Ohio County,461.0
MO,Jefferson County,461.0
FL,Columbia County,460.0
SC,Greenwood County,460.0
AZ,Coconino County,458.0
OH,Muskingum County,458.0
CA,San Luis Obispo County,458.0
NH,Rockingham County,453.0
GA,Cherokee County,453.0
AL,Morgan County,452.0
MO,Buchanan County,452.0
SD,Pennington County,451.0
TN,Blount County,451.0
WI,Wood County,446.0
IL,Macon County,446.0
PA,Clearfield County,445.0
GA,Whitfield County,441.0
PA,Lebanon County,441.0
SC,Orangeburg County,440.0
GA,Troup County,440.0
VA,Suffolk city,439.0
VA,Chesapeake city,438.0
ID,Twin Falls County,438.0
OH,Wayne County,434.0
OH,Marion County,433.0
OH,Columbiana County,430.0
OH,Hancock County,429.0
SC,Pickens County,428.0
WY,Natrona County,427.0
WI,Rock County,423.0
NM,Santa Fe County,416.0
AZ,Navajo County,413.0
OH,Ashtabula County,412.0
KY,Pulaski County,412.0
TN,Williamson County,411.0
WV,Wood County,411.0
NC,Robeson County,411.0
TX,Nacogdoches County,411.0
WI,Eau Claire County,410.0
SC,Sumter County,409.0
VA,Loudoun County,409.0
OH,Washington County,408.0
IL,Adams County,406.0
OH,Portage County,405.0
OH,Miami County,402.0
NC,Davidson County,402.0
TN,Bradley County,401.0
KY,Perry County,401.0
VA,Rockingham County,400.0
KY,Boyle County,396.0
MN,Washington County,396.0
AL,Cullman County,395.0
OH,Geauga County,395.0
GA,Clayton County,393.0
MT,Flathead County,393.0
VA,Salem city,392.0
OH,Scioto County,390.0
IL,McHenry County,388.0
CA,Santa Cruz County,388.0
IL,Kankakee County,387.0
PA,Somerset County,387.0
NC,Burke County,387.0
NV,Carson City,387.0
ME,Androscoggin County,387.0
WA,Whatcom County,386.0
AR,White County,386.0
AL,Marshall County,386.0
SC,Oconee County,386.0
PA,Centre County,386.0
GA,Tift County,383.0
OK,Washington County,382.0
KY,Campbell County,380.0
SC,Georgetown County,380.0
LA,Lafourche Parish,380.0
FL,Flagler County,379.0
IN,LaPorte County,379.0
SC,Beaufort County,378.0
PA,Bradford County,378.0
TX,Hunt County,377.0
NC,Alamance County,377.0
WV,Harrison County,376.0
TN,Hamblen County,374.0
CA,Madera County,374.0
NY,Schenectady County,373.0
NY,Chautauqua County,373.0
PA,Lawrence County,373.0
TN,Anderson County,372.0
MT,Missoula County,371.0
GA,Laurens County,371.0
UT,Davis County,368.0
NJ,Sussex County,368.0
OK,Garfield County,368.0
OH,Erie County,367.0
VA,Petersburg city,367.0
IA,Dubuque County,366.0
LA,Bossier Parish,366.0
MA,Berkshire County,366.0
AR,Baxter County,365.0
NC,Johnston County,363.0
NC,Craven County,360.0
VA,Fredericksburg city,359.0
PA,Mifflin County,358.0
OK,Pottawatomie County,357.0
NC,Nash County,357.0
IL,Williamson County,356.0
GA,Walton County,356.0
NJ,Warren County,354.0
TX,Lamar County,354.0
VA,Portsmouth city,353.0
PA,Indiana County,352.0
WI,Sheboygan County,351.0
AL,Walker County,351.0
FL,St. Johns County,351.0
VA,Charlottesville city,349.0
TN,Sevier County,348.0
OR,Douglas County,348.0
TN,Wilson County,348.0
GA,Ware County,347.0
GA,Bartow County,347.0
CT,Litchfield County,346.0
NY,Chemung County,346.0
OH,Medina County,346.0
MD,Howard County,341.0
ND,Ward County,341.0
IA,Pottawattamie County,341.0
VA,Danville city,340.0
MI,Lapeer County,339.0
IN,Clark County,338.0
TN,Dickson County,336.0
WY,Laramie County,336.0
NC,Onslow County,335.0
VA,Augusta County,334.0
TX,Guadalupe County,334.0
IN,Johnson County,333.0
LA,St. Landry Parish,333.0
FL,Santa Rosa County,333.0
OH,Jefferson County,333.0
NC,Wilson County,330.0
NM,Chaves County,329.0
IN,Bartholomew County,329.0
WA,Kitsap County,329.0
AR,Independence County,328.0
CA,Marin County,328.0
WI,Ozaukee County,328.0
GA,Upson County,325.0
OR,Josephine County,324.0
WV,Berkeley County,323.0
MD,Charles County,323.0
GA,Thomas County,322.0
KS,Saline County,321.0
AL,Colbert County,320.0
NC,Caldwell County,319.0
MI,Midland County,317.0
GA,Newton County,316.0
TX,Wise County,316.0
KY,Barren County,315.0
ID,Bannock County,315.0
FL,Putnam County,315.0
NY,Saratoga County,314.0
WA,Chelan County,313.0
SC,Berkeley County,313.0
KY,Whitley County,313.0
AL,Shelby County,312.0
PA,Crawford County,312.0
IL,La Salle County,310.0
SC,Dorchester County,310.0
GA,Rockdale County,308.0
OH,Clermont County,308.0
MS,Rankin County,308.0
NY,Rensselaer County,308.0
NC,Rutherford County,307.0
VA,Hampton city,307.0
NY,Ulster County,306.0
NY,Ontario County,306.0
VA,Martinsville city,306.0
TX,Parker County,305.0
NH,Merrimack County,302.0
MO,Phelps County,302.0
MS,Jones County,301.0
NM,McKinley County,301.0
VA,Montgomery County,301.0
VA,Alexandria city,301.0
LA,Terrebonne Parish,301.0
WI,Fond du Lac County,301.0
WA,Cowlitz County,299.0
WI,Dodge County,299.0
MO,Franklin County,299.0
KY,Hopkins County,299.0
IN,Grant County,298.0
CA,Yuba County,296.0
ME,York County,295.0
KY,Laurel County,295.0
AR,Jefferson County,294.0
MS,Washington County,292.0
PA,Adams County,291.0
CA,Yolo County,291.0
KS,Reno County,290.0
MS,Warren County,288.0
TX,Johnson County,288.0
MS,Lamar County,287.0
AL,Talladega County,286.0
NC,Randolph County,286.0
GA,Gordon County,285.0
TN,Cumberland County,285.0
VA,Manassas city,285.0
IA,Cerro Gordo County,284.0
SC,Darlington County,282.0
GA,Bulloch County,282.0
NY,Warren County,282.0
PA,Northumberland County,278.0
NC,Scotland County,278.0
ME,Kennebec County,276.0
GA,Toombs County,275.0
MD,Cecil County,275.0
WV,Mercer County,275.0
MI,Monroe County,275.0
AZ,Cochise County,274.0
NC,Harnett County,274.0
IL,Jefferson County,273.0
MO,Butler County,273.0
MS,Leflore County,273.0
MS,Alcorn County,272.0
NY,Steuben County,271.0
NJ,Hunterdon County,270.0
OK,Carter County,270.0
GA,Paulding County,270.0
IL,Whiteside County,269.0
MA,Hampshire County,269.0
IL,Jackson County,269.0
GA,Coffee County,268.0
NY,Cattaraugus County,267.0
MS,Madison County,265.0
VA,Washington County,264.0
MO,Camden County,262.0
NY,St. Lawrence County,262.0
VT,Chittenden County,260.0
KY,Madison County,259.0
OH,Wood County,259.0
IL,Knox County,259.0
TX,Henderson County,258.0
AR,Saline County,255.0
OK,Stephens County,254.0
TX,Maverick County,253.0
OK,Pittsburg County,252.0
KY,Boone County,251.0
NC,Lenoir County,249.0
PA,Union County,249.0
NJ,Cape May County,249.0
SC,Lancaster County,249.0
IN,Hancock County,244.0
TN,Jefferson County,244.0
OH,Gallia County,242.0
AZ,Gila County,242.0
TX,Hood County,242.0
OK,Canadian County,242.0
NC,Brunswick County,241.0
NH,Strafford County,240.0
GA,Colquitt County,240.0
IL,Coles County,240.0
AL,Covington County,240.0
GA,Douglas County,238.0
IN,Knox County,237.0
TN,Carter County,237.0
AL,Limestone County,236.0
OK,Cherokee County,236.0
MD,St. Mary's County,236.0
WI,Washington County,236.0
MI,Marquette County,235.0
AK,Matanuska-Susitna Borough,235.0
PA,Armstrong County,234.0
TN,Greene County,234.0
VA,Albemarle County,233.0
NE,Hall County,232.0
NY,Otsego County,231.0
NE,Buffalo County,231.0
NC,Rockingham County,230.0
IL,DeKalb County,230.0
WA,Skagit County,229.0
NC,Lincoln County,228.0
NC,Pasquotank County,228.0
TX,Brown County,227.0
ND,Grand Forks County,226.0
NY,Montgomery County,225.0
MI,Lenawee County,225.0
NC,Wilkes County,225.0
SC,Colleton County,224.0
OR,Klamath County,224.0
IL,Vermilion County,224.0
NY,Genesee County,223.0
IL,Tazewell County,223.0
OK,Pontotoc County,223.0
TX,Hopkins County,222.0
WV,Brooke County,222.0
IA,Webster County,221.0
TX,Anderson County,221.0
KY,Franklin County,221.0
RI,Washington County,220.0
GA,Baldwin County,220.0
SC,Laurens County,220.0
OH,Crawford County,219.0
CT,Windham County,218.0
NC,Haywood County,218.0
OK,Bryan County,215.0
PA,Carbon County,214.0
GA,Pickens County,214.0
MO,Howell County,213.0
CA,El Dorado County,213.0
TN,Robertson County,212.0
OH,Sandusky County,211.0
CA,Tuolumne County,211.0
FL,Walton County,211.0
IL,Stephenson County,210.0
HI,Hawaii County,210.0
NY,Columbia County,209.0
PA,Venango County,209.0
MI,Livingston County,208.0
MS,Pike County,208.0
MT,Lewis and Clark County,206.0
NM,Lea County,205.0
TX,Navarro County,203.0
TN,Cocke County,202.0
MI,Gratiot County,202.0
OH,Holmes County,202.0
AL,DeKalb County,202.0
OH,Ashland County,201.0
AL,Dallas County,201.0
TN,Dyer County,200.0
TN,Coffee County,200.0
IN,Jefferson County,198.0
OK,Kay County,198.0
TX,Kerr County,198.0
SC,Kershaw County,198.0
MS,Monroe County,197.0
NC,Columbus County,195.0
OH,Knox County,195.0
NE,Scotts Bluff County,194.0
OR,Linn County,194.0
TN,Monroe County,193.0
OK,Rogers County,192.0
AL,Coffee County,191.0
TN,Roane County,191.0
IA,Des Moines County,191.0
IN,Boone County,190.0
TX,Cherokee County,190.0
WI,Walworth County,190.0
LA,St. Mary Parish,190.0
MI,Emmet County,190.0
MN,Wright County,190.0
KY,Floyd County,189.0
MI,Alpena County,189.0
PA,Jefferson County,188.0
NC,Vance County,188.0
CA,Humboldt County,187.0
AK,Fairbanks North Star Borough,186.0
AL,Autauga County,186.0
VA,Hopewell city,186.0
CA,Tehama County,185.0
VA,Tazewell County,185.0
NM,Eddy County,185.0
KS,Ellis County,184.0
AL,St. Clair County,184.0
OH,Delaware County,184.0
NE,Lincoln County,183.0
PA,Wayne County,183.0
OH,Huron County,182.0
OK,Payne County,182.0
MD,Worcester County,182.0
NE,Sarpy County,182.0
KS,Crawford County,181.0
NM,Curry County,181.0
CA,Napa County,181.0
VA,Halifax County,180.0
IN,Dubois County,180.0
MO,Platte County,180.0
KY,Christian County,180.0
WI,Oneida County,180.0
NC,Beaufort County,180.0
GA,Wayne County,179.0
TX,Burnet County,179.0
NY,Fulton County,179.0
MO,St. Francois County,179.0
TX,Kaufman County,179.0
MO,Marion County,178.0
NY,Jefferson County,178.0
OR,Yamhill County,177.0
FL,Jackson County,177.0
WV,Greenbrier County,177.0
OH,Pickaway County,177.0
TN,Franklin County,175.0
CO,Montrose County,175.0
NC,Halifax County,175.0
MS,Lincoln County,174.0
NC,Richmond County,174.0
AL,Tallapoosa County,174.0
OH,Defiance County,173.0
MN,Crow Wing County,173.0
WV,Logan County,172.0
MO,Pettis County,172.0
CA,Nevada County,172.0
OH,Belmont County,172.0
NC,Edgecombe County,172.0
TX,Atascosa County,171.0
AR,Union County,171.0
MS,Oktibbeha County,170.0
NH,Belknap County,170.0
MN,Scott County,169.0
WA,Lewis County,169.0
KY,Graves County,169.0
IA,Story County,169.0
NY,Oswego County,167.0
NJ,Salem County,166.0
WI,Waupaca County,166.0
TX,Walker County,166.0
HI,Maui County,166.0
PA,Huntingdon County,166.0
IL,Grundy County,166.0
IL,Marion County,165.0
AZ,Apache County,165.0
MN,Blue Earth County,165.0
IL,Morgan County,165.0
PA,Warren County,164.0
MI,Shiawassee County,164.0
NH,Grafton County,163.0
IN,Morgan County,163.0
TX,Hale County,163.0
KY,Rowan County,162.0
LA,Iberia Parish,162.0
NY,Madison County,162.0
LA,Acadia Parish,162.0
MS,Adams County,161.0
PA,Tioga County,161.0
KS,Finney County,161.0
NC,Carteret County,160.0
NY,Wayne County,160.0
MO,Polk County,160.0
IN,Shelby County,159.0
GA,Sumter County,159.0
GA,Union County,158.0
ME,Aroostook County,158.0
WA,Grant County,157.0
AL,Jackson County,157.0
OK,Delaware County,157.0
NC,Stanly County,157.0
GA,Crisp County,156.0
OH,Darke County,156.0
AR,Pope County,156.0
WA,Walla Walla County,156.0
IN,Dearborn County,156.0
TN,McMinn County,156.0
ID,Nez Perce County,155.0
AR,Boone County,155.0
MO,Scott County,154.0
MO,Taney County,154.0
VA,Culpeper County,154.0
IN,Marshall County,153.0
WI,Manitowoc County,153.0
KS,Douglas County,153.0
AL,Escambia County,153.0
TX,Titus County,152.0
IA,Clinton County,152.0
SD,Brown County,152.0
MO,Cass County,152.0
NY,Cayuga County,151.0
MI,Allegan County,151.0
MI,Montcalm County,151.0
OR,Umatilla County,150.0
TN,Obion County,150.0
OH,Seneca County,150.0
IN,Lawrence County,150.0
MD,Talbot County,149.0
IL,Effingham County,148.0
TX,Val Verde County,148.0
IN,Jackson County,148.0
OH,Clinton County,147.0
KY,Mason County,147.0
VA,Shenandoah County,146.0
TN,Claiborne County,145.0
NC,Watauga County,145.0
NC,Duplin County,145.0
OK,Grady County,145.0
MD,Calvert County,145.0
WA,Franklin County,145.0
TX,Jim Wells County,145.0
MI,Isabella County,144.0
LA,Natchitoches Parish,144.0
PA,Clarion County,144.0
NM,Otero County,143.0
VA,Gloucester County,143.0
VA,York County,143.0
NY,Sullivan County,142.0
ID,Bonner County,142.0
MO,Jasper County,142.0
MN,Beltrami County,141.0
LA,Lincoln Parish,141.0
AL,Dale County,141.0
TX,Polk County,141.0
MT,Silver Bow County,141.0
CO,Fremont County,141.0
NY,Clinton County,141.0
KS,Harvey County,140.0
MS,Union County,140.0
FL,Okeechobee County,138.0
IA,Wapello County,138.0
CO,La Plata County,138.0
SC,Chesterfield County,138.0
WI,Jefferson County,138.0
OR,Benton County,137.0
KY,Bell County,137.0
LA,Washington Parish,136.0
GA,Habersham County,136.0
IL,Bureau County,136.0
WA,Grays Harbor County,136.0
GA,Dodge County,136.0
NC,Hertford County,136.0
SC,Newberry County,134.0
MD,Garrett County,134.0
NY,Tompkins County,134.0
NE,Madison County,134.0
WV,Marshall County,134.0
CA,Mendocino County,134.0
NE,Dodge County,133.0
CT,Tolland County,133.0
WA,Clallam County,133.0
TX,Randall County,133.0
VA,Spotsylvania County,132.0
WY,Campbell County,132.0
OH,Auglaize County,132.0
PA,Columbia County,131.0
VA,Mecklenburg County,131.0
WI,Marinette County,131.0
MN,Kandiyohi County,130.0
WI,Sauk County,130.0
MT,Gallatin County,129.0
VA,Wythe County,129.0
TX,Palo Pinto County,129.0
WV,Randolph County,129.0
TX,Matagorda County,129.0
NH,Cheshire County,129.0
TN,Warren County,128.0
WI,Portage County,128.0
MI,Wexford County,128.0
NY,Putnam County,128.0
IN,Kosciusko County,128.0
FL,Nassau County,128.0
NY,Cortland County,127.0
KS,Montgomery County,127.0
NC,Lee County,127.0
NY,Chenango County,126.0
MN,Carver County,126.0
OR,Coos County,126.0
MS,Pearl River County,125.0
VA,Galax city,124.0
PA,McKean County,124.0
OK,Jackson County,124.0
MI,Delta County,123.0
OH,Williams County,123.0
TX,Howard County,123.0
OH,Athens County,123.0
WV,Putnam County,123.0
OH,Guernsey County,122.0
IN,Henry County,122.0
WI,Columbia County,122.0
AL,Marengo County,122.0
TX,Kleberg County,122.0
WI,Barron County,121.0
MN,Rice County,121.0
KS,Butler County,120.0
TN,Carroll County,120.0
VA,Franklin County,120.0
WY,Park County,120.0
MI,Dickinson County,119.0
OH,Shelby County,119.0
AL,Marion County,119.0
TN,Henry County,119.0
NE,Adams County,119.0
LA,Jefferson Davis Parish,118.0
MN,Goodhue County,118.0
CO,Delta County,118.0
MI,Branch County,118.0
VA,Pulaski County,118.0
KS,Cowley County,118.0
NC,Chatham County,118.0
PA,Bedford County,118.0
MI,Eaton County,117.0
NY,Livingston County,117.0
GA,Emanuel County,117.0
TN,Campbell County,117.0
NY,Allegany County,117.0
OK,Beckham County,117.0
TX,Starr County,117.0
MI,Hillsdale County,116.0
KS,Riley County,116.0
TN,Bedford County,116.0
TX,Gray County,116.0
SC,Jasper County,116.0
OK,Ottawa County,116.0
OK,Creek County,115.0
OH,Fulton County,115.0
OH,Logan County,115.0
IL,Lee County,115.0
WV,Jefferson County,115.0
AZ,Graham County,115.0
NC,Jackson County,115.0
TN,Lawrence County,115.0
IN,Cass County,115.0
KY,Henderson County,115.0
IL,Randolph County,114.0
OH,Mercer County,114.0
NC,Sampson County,114.0
TN,Loudon County,114.0
MS,Simpson County,114.0
KY,Harlan County,114.0
WI,Chippewa County,112.0
IL,Livingston County,112.0
SD,Yankton County,112.0
NH,Coos County,112.0
ME,Oxford County,112.0
LA,Webster Parish,111.0
OK,Custer County,111.0
IN,DeKalb County,110.0
AR,Polk County,110.0
TX,Gillespie County,110.0
MN,Benton County,109.0
MO,Clinton County,109.0
NV,Churchill County,109.0
WY,Fremont County,109.0
MO,Crawford County,109.0
AL,Pike County,109.0
GA,Catoosa County,109.0
MN,Douglas County,108.0
IN,Decatur County,108.0
MI,Van Buren County,108.0
WI,Polk County,107.0
WV,Fayette County,107.0
MN,Otter Tail County,107.0
KY,Clark County,107.0
IL,Macoupin County,107.0
OH,Union County,107.0
MS,Grenada County,107.0
KY,Rockcastle County,107.0
GA,Fannin County,107.0
VA,Warren County,107.0
NM,Cibola County,107.0
CA,Lake County,106.0
NC,Macon County,106.0
CA,Siskiyou County,106.0
MN,Itasca County,106.0
LA,Ascension Parish,106.0
OH,Van Wert County,106.0
AL,Russell County,106.0
TX,Coryell County,106.0
KY,Calloway County,105.0
TX,Liberty County,105.0
GA,Walker County,105.0
IN,Ripley County,105.0
IN,Wabash County,105.0
TN,Giles County,105.0
NV,Elko County,104.0
NC,Granville County,104.0
SC,Cherokee County,104.0
TX,Rusk County,104.0
LA,Evangeline Parish,104.0
WY,Sweetwater County,104.0
WI,Shawano County,104.0
IL,Henry County,104.0
MI,Crawford County,103.0
IL,Fulton County,103.0
WI,St. Croix County,102.0
WI,Lincoln County,102.0
MT,Ravalli County,102.0
MI,St. Joseph County,102.0
SC,Marion County,102.0
NC,McDowell County,101.0
MI,Ogemaw County,101.0
KS,Ford County,101.0
MN,Chisago County,101.0
NC,Cherokee County,101.0
IN,Daviess County,101.0
TX,Uvalde County,101.0
UT,Cache County,101.0
IN,Miami County,100.0
AL,Blount County,100.0
TN,Rhea County,100.0
TX,Wharton County,100.0
KS,Lyon County,100.0
TX,Cooke County,100.0
IA,Dallas County,100.0
KY,Letcher County,100.0
IL,Saline County,100.0
CA,Amador County,100.0
VA,Fauquier County,99.0
IN,Greene County,99.0
AL,Geneva County,99.0
TX,Nolan County,99.0
OK,McCurtain County,98.0
NY,Herkimer County,98.0
KY,Taylor County,98.0
MS,Bolivar County,98.0
TX,Bee County,98.0
MO,Johnson County,98.0
MS,Sunflower County,97.0
WI,Grant County,97.0
IA,Marion County,97.0
OK,Woodward County,97.0
KS,Labette County,97.0
VA,Accomack County,97.0
VA,Alleghany County,97.0
MI,Mecosta County,96.0
IA,Muscatine County,96.0
WV,Mineral County,95.0
NM,Rio Arriba County,95.0
LA,Vermilion Parish,95.0
MI,Iosco County,95.0
TN,Lincoln County,95.0
MO,Lawrence County,95.0
MO,Laclede County,95.0
IA,Lee County,95.0
MN,Sherburne County,95.0
MS,Panola County,95.0
OH,Highland County,95.0
OK,Okmulgee County,94.0
TX,Cass County,94.0
IL,McDonough County,94.0
TN,Weakley County,94.0
IL,Montgomery County,94.0
OH,Ottawa County,93.0
RI,Bristol County,93.0
OH,Adams County,93.0
GA,Pulaski County,93.0
IL,Richland County,93.0
GA,Ben Hill County,93.0
MA,Franklin County,93.0
GA,Stephens County,92.0
LA,Vernon Parish,92.0
CO,Morgan County,92.0
VA,Smyth County,92.0
ME,Somerset County,92.0
NY,Wyoming County,91.0
RI,Newport County,91.0
AL,Elmore County,91.0
AR,Columbia County,91.0
NC,Mitchell County,91.0
NC,Ashe County,91.0
IL,Franklin County,91.0
KY,Oldham County,91.0
WY,Sheridan County,91.0
TN,Gibson County,91.0
VT,Bennington County,91.0
VA,Wise County,91.0
NM,Valencia County,91.0
IN,Noble County,90.0
WA,Stevens County,90.0
MS,Prentiss County,90.0
CO,Logan County,90.0
KS,McPherson County,90.0
MS,Coahoma County,90.0
GA,Decatur County,90.0
TX,Harrison County,90.0
SC,Dillon County,89.0
OK,Caddo County,89.0
IN,Harrison County,89.0
CA,Sutter County,89.0
CO,Garfield County,89.0
KY,Scott County,88.0
AR,Greene County,88.0
TX,Washington County,88.0
SC,Clarendon County,88.0
MI,Chippewa County,88.0
WA,Mason County,88.0
MI,Clare County,87.0
GA,Bacon County,87.0
WI,Vernon County,87.0
MN,Polk County,87.0
VT,Rutland County,87.0
KY,Knox County,87.0
AR,Ouachita County,87.0
IL,Christian County,87.0
MI,Houghton County,87.0
TX,DeWitt County,87.0
IN,Huntington County,86.0
NY,Orleans County,86.0
TN,Overton County,86.0
TX,Wood County,86.0
KS,Leavenworth County,85.0
TN,Tipton County,85.0
KY,Shelby County,85.0
SD,Codington County,85.0
PA,Susquehanna County,85.0
MS,Neshoba County,85.0
PA,Juniata County,85.0
MS,Wayne County,84.0
KY,Harrison County,84.0
MS,Leake County,84.0
AK,Kenai Peninsula Borough,84.0
TN,Hardin County,84.0
TX,Hill County,84.0
OH,Coshocton County,84.0
MN,Morrison County,84.0
CA,San Benito County,83.0
IN,Wells County,82.0
TX,Wilbarger County,82.0
MN,Winona County,82.0
SD,Davison County,82.0
MI,Mason County,82.0
GA,Barrow County,81.0
NC,Chowan County,81.0
VA,James City County,81.0
MN,Clay County,81.0
MI,Barry County,81.0
KY,Nelson County,81.0
MI,Iron County,81.0
VA,Page County,81.0
MI,Newaygo County,81.0
GA,Candler County,81.0
TX,Jasper County,80.0
TX,Van Zandt County,80.0
VA,Franklin city,80.0
FL,Washington County,80.0
ND,Stutsman County,80.0
AL,Butler County,80.0
WV,Preston County,80.0
TX,Moore County,79.0
WI,Langlade County,79.0
WI,Douglas County,79.0
OH,Putnam County,79.0
NM,Taos County,79.0
TX,Fannin County,79.0
OK,Garvin County,79.0
WA,Island County,78.0
AL,Barbour County,78.0
VA,Roanoke County,78.0
ME,Hancock County,78.0
MS,George County,78.0
IA,Marshall County,78.0
LA,Beauregard Parish,78.0
AR,Crawford County,78.0
IL,Jersey County,78.0
NY,Washington County,78.0
WI,Green County,78.0
TX,Hockley County,78.0
MS,Pontotoc County,77.0
KY,Bullitt County,77.0
IN,Montgomery County,77.0
VA,Frederick County,77.0
KY,Grayson County,77.0
GA,Camden County,77.0
TX,Lavaca County,77.0
TX,Wilson County,77.0
IA,Mahaska County,77.0
VA,Prince Edward County,77.0
KY,Russell County,76.0
IL,Woodford County,76.0
LA,Avoyelles Parish,76.0
MI,Otsego County,76.0
LA,Livingston Parish,76.0
OK,Logan County,76.0
ND,Stark County,76.0
WA,Okanogan County,76.0
GA,Monroe County,76.0
NC,Person County,76.0
CO,Alamosa County,75.0
MO,Texas County,75.0
MO,Gasconade County,75.0
TN,Henderson County,75.0
MS,Marshall County,75.0
OH,Fayette County,75.0
MI,Sanilac County,75.0
TX,Erath County,75.0
WI,Taylor County,74.0
IA,Bremer County,74.0
AR,Mississippi County,74.0
KY,Marion County,74.0
NC,Hoke County,74.0
NE,Platte County,74.0
KY,Johnson County,74.0
KY,Montgomery County,74.0
KS,Seward County,74.0
KY,Lawrence County,74.0
VA,Harrisonburg city,74.0
IA,Harrison County,74.0
GA,Liberty County,73.0
GA,Franklin County,73.0
OK,Wagoner County,73.0
NV,Nye County,73.0
NY,Tioga County,73.0
OR,Lincoln County,73.0
GA,Columbia County,73.0
LA,Allen Parish,73.0
OH,Lawrence County,73.0
IN,Fulton County,73.0
GA,Washington County,73.0
MS,Montgomery County,73.0
AL,Chilton County,72.0
IL,Iroquois County,72.0
KS,Barton County,72.0
MI,Huron County,72.0
IN,Adams County,72.0
MO,Adair County,72.0
SD,Meade County,72.0
MI,Tuscola County,72.0
PA,Greene County,71.0
OH,Jackson County,71.0
MO,Randolph County,71.0
ID,Bingham County,71.0
KY,Clay County,71.0
IN,LaGrange County,71.0
MN,Mower County,71.0
NY,Delaware County,70.0
OR,Union County,70.0
IA,Carroll County,70.0
CO,Broomfield County,70.0
SD,Lincoln County,70.0
OK,Sequoyah County,70.0
FL,Levy County,69.0
TX,Limestone County,69.0
WI,Monroe County,69.0
OK,Murray County,69.0
MN,Mille Lacs County,69.0
MN,McLeod County,69.0
WV,Upshur County,69.0
WV,Lewis County,69.0
MO,Livingston County,69.0
VT,Washington County,69.0
OK,Le Flore County,69.0
WA,Whitman County,69.0
PA,Potter County,69.0
MI,Clinton County,68.0
GA,Oconee County,68.0
SD,Hughes County,68.0
PA,Elk County,68.0
IN,Putnam County,68.0
IA,Plymouth County,67.0
MS,Winston County,67.0
GA,Appling County,67.0
NC,Transylvania County,67.0
IL,Edgar County,67.0
WV,Hancock County,67.0
MN,Becker County,67.0
KY,Jessamine County,67.0
MN,Lyon County,67.0
CO,Otero County,67.0
MS,Tishomingo County,66.0
MS,Calhoun County,66.0
UT,Tooele County,66.0
IL,Ogle County,66.0
OH,Madison County,66.0
IL,Ford County,66.0
AL,Franklin County,66.0
VA,Norton city,66.0
MT,Lake County,66.0
AL,Winston County,65.0
KS,Geary County,65.0
OR,Wasco County,65.0
LA,St. Charles Parish,65.0
KS,Dickinson County,65.0
PA,Perry County,65.0
VA,Henry County,65.0
AL,Monroe County,65.0
IA,Cass County,65.0
MN,Isanti County,65.0
UT,Iron County,65.0
IL,Pike County,64.0
MN,Carlton County,64.0
MO,Saline County,64.0
IA,Warren County,64.0
GA,Grady County,64.0
SC,Williamsburg County,64.0
IN,Orange County,64.0
TX,Hutchinson County,64.0
IN,Gibson County,64.0
VA,Carroll County,63.0
AL,Lawrence County,63.0
MI,Ionia County,63.0
TX,San Patricio County,63.0
GA,Effingham County,63.0
IL,Wayne County,63.0
WV,Wayne County,63.0
MN,Brown County,63.0
MT,Hill County,63.0
MN,Steele County,62.0
FL,DeSoto County,62.0
OH,Brown County,62.0
MS,Attala County,62.0
TX,Scurry County,62.0
VA,Bedford County,62.0
IL,Massac County,62.0
WV,Jackson County,62.0
IA,Washington County,62.0
OH,Hocking County,62.0
IA,Jasper County,62.0
MO,Christian County,61.0
IN,Tipton County,61.0
SD,Lawrence County,61.0
ME,Franklin County,61.0
KS,Neosho County,61.0
CA,Del Norte County,61.0
MS,Tate County,61.0
IA,Hamilton County,61.0
MI,Cheboygan County,61.0
IA,Poweshiek County,61.0
AR,Crittenden County,61.0
OK,Mayes County,61.0
TX,Chambers County,61.0
VA,Buchanan County,60.0
MO,Lafayette County,60.0
VA,Russell County,60.0
AL,Crenshaw County,60.0
VA,Stafford County,60.0
IL,Logan County,60.0
GA,Gilmer County,60.0
MN,Meeker County,60.0
NM,Sierra County,60.0
IA,Fayette County,60.0
IN,Clinton County,60.0
TX,Young County,60.0
TX,Hardin County,60.0
MS,Tippah County,60.0
MI,Cass County,60.0
SC,Hampton County,60.0
SC,Chester County,59.0
LA,Franklin Parish,59.0
ND,Morton County,59.0
IN,Jasper County,59.0
MS,Clay County,59.0
NV,Douglas County,59.0
TX,Comanche County,59.0
MN,Aitkin County,59.0
AR,Lonoke County,59.0
MO,Vernon County,59.0
OH,Henry County,58.0
WI,Door County,58.0
WA,Kittitas County,58.0
NM,Grant County,58.0
TX,Montague County,58.0
IA,Sioux County,58.0
MS,Yazoo County,58.0
OH,Champaign County,58.0
MI,Manistee County,58.0
IN,Fayette County,58.0
AR,Cleburne County,58.0
IA,Clayton County,58.0
MS,Copiah County,58.0
IL,Perry County,58.0
OH,Wyandot County,58.0
FL,Holmes County,58.0
MO,Webster County,58.0
TX,Panola County,58.0
KY,Bourbon County,57.0
IA,Kossuth County,57.0
MO,Audrain County,57.0
IA,Dickinson County,57.0
CA,Calaveras County,57.0
MS,Webster County,57.0
WV,Marion County,57.0
NV,Lyon County,57.0
KS,Nemaha County,56.0
KY,Ohio County,56.0
MO,Lincoln County,56.0
LA,Union Parish,56.0
MN,Todd County,56.0
TN,Hawkins County,56.0
NY,Franklin County,56.0
TX,Orange County,56.0
TX,Dawson County,56.0
IN,Whitley County,56.0
TX,Caldwell County,56.0
CA,Glenn County,56.0
TX,Llano County,56.0
OK,Osage County,55.0
WV,Mason County,55.0
AR,Fulton County,55.0
NM,Lincoln County,55.0
NC,Polk County,55.0
GA,Murray County,55.0
IL,Boone County,55.0
NE,Gage County,55.0
AL,Chambers County,55.0
VT,Franklin County,55.0
GA,Jeff Davis County,55.0
FL,Suwannee County,55.0
IA,Appanoose County,55.0
WA,Asotin County,55.0
WI,Clark County,55.0
KS,Franklin County,54.0
IN,Scott County,54.0
UT,Carbon County,54.0
IL,Fayette County,54.0
MI,Gogebic County,54.0
LA,Morehouse Parish,54.0
KY,Logan County,54.0
NE,Dawson County,54.0
UT,Box Elder County,54.0
GA,Peach County,53.0
FL,Monroe County,53.0
KY,Muhlenberg County,53.0
MN,Freeborn County,53.0
VA,Patrick County,53.0
WV,Nicholas County,53.0
TX,Kendall County,53.0
IN,Steuben County,53.0
IA,Henry County,53.0
NY,Essex County,53.0
LA,St. Bernard Parish,53.0
MS,Hancock County,53.0
NM,Luna County,53.0
IA,Allamakee County,52.0
KY,Greenup County,52.0
VT,Windsor County,52.0
MN,Hubbard County,52.0
TX,Fayette County,52.0
TX,Gonzales County,52.0
AR,Johnson County,52.0
AL,Clay County,52.0
KY,Wayne County,52.0
IL,Hancock County,52.0
IL,Clinton County,52.0
NH,Carroll County,52.0
GA,Butts County,52.0
OH,Perry County,52.0
KY,Allen County,51.0
IN,Randolph County,51.0
TX,Lamb County,51.0
TX,Houston County,51.0
OR,Tillamook County,51.0
KY,Marshall County,51.0
FL,Gadsden County,51.0
NY,Seneca County,51.0
OH,Preble County,51.0
NC,Stokes County,51.0
KY,Breathitt County,51.0
IL,Monroe County,51.0
IA,O'Brien County,51.0
VA,Colonial Heights city,50.0
LA,La Salle Parish,50.0
FL,Hendry County,50.0
OK,Lincoln County,50.0
VA,Lexington city,50.0
MT,Dawson County,50.0
NM,Roosevelt County,50.0
OK,Seminole County,50.0
KS,Pratt County,50.0
LA,Claiborne Parish,50.0
GA,Putnam County,49.0
LA,East Feliciana Parish,49.0
MN,Martin County,49.0
SD,Beadle County,49.0
MO,Callaway County,49.0
GA,Towns County,49.0
TX,Medina County,49.0
MO,Washington County,49.0
MN,Nicollet County,49.0
TX,Eastland County,49.0
MO,Bates County,49.0
OK,Choctaw County,48.0
AR,Clay County,48.0
IA,Delaware County,48.0
AR,Little River County,48.0
MO,Barry County,48.0
OK,McClain County,48.0
WI,Calumet County,48.0
CA,Inyo County,48.0
ID,Boundary County,48.0
SD,Brookings County,48.0
OR,Malheur County,48.0
IA,Cherokee County,48.0
MD,Kent County,48.0
NC,Davie County,48.0
OH,Hardin County,47.0
WV,Grant County,47.0
TX,Runnels County,47.0
OK,Kingfisher County,47.0
ND,Ramsey County,47.0
TX,Deaf Smith County,47.0
KY,Lincoln County,47.0
CA,Lassen County,47.0
TX,Bastrop County,47.0
WI,Green Lake County,46.0
AL,Bibb County,46.0
MD,Queen Anne's County,46.0
MI,Gladwin County,46.0
AZ,La Paz County,46.0
IA,Montgomery County,46.0
OR,Polk County,46.0
TX,Coleman County,46.0
ID,Madison County,46.0
PA,Wyoming County,46.0
IN,Sullivan County,46.0
WI,Pierce County,46.0
ND,Williams County,45.0
IL,Warren County,45.0
IN,Owen County,45.0
LA,St. Martin Parish,45.0
TX,Tyler County,45.0
SC,Fairfield County,45.0
IN,Perry County,45.0
TX,Camp County,45.0
WI,Trempealeau County,45.0
WI,Dunn County,45.0
SD,Turner County,45.0
IA,Tama County,45.0
OH,Pike County,45.0
SC,Union County,45.0
WI,Ashland County,45.0
IA,Wright County,45.0
TN,Scott County,45.0
MO,Stoddard County,45.0
WY,Big Horn County,45.0
IA,Hardin County,45.0
NC,Franklin County,45.0
PA,Clinton County,45.0
ID,Latah County,45.0
OR,Clatsop County,45.0
MO,Benton County,45.0
MN,Wadena County,45.0
IN,Pulaski County,45.0
TN,Crockett County,44.0
MS,Marion County,44.0
GA,Lumpkin County,44.0
WV,McDowell County,44.0
GA,Elbert County,44.0
OH,Morgan County,44.0
MO,Morgan County,44.0
OK,Love County,44.0
IA,Benton County,44.0
TN,White County,44.0
KY,Monroe County,44.0
TX,Lampasas County,44.0
IL,Crawford County,44.0
IL,Clay County,44.0
MI,Arenac County,44.0
NM,Colfax County,44.0
TX,Karnes County,44.0
LA,St. John the Baptist Parish,44.0
NC,Anson County,44.0
IA,Winneshiek County,44.0
PA,Fulton County,44.0
VA,Campbell County,44.0
NV,Humboldt County,44.0
IA,Shelby County,44.0
VA,Pittsylvania County,44.0
MO,Dent County,44.0
GA,Tattnall County,43.0
CO,Chaffee County,43.0
AR,Phillips County,43.0
CO,Moffat County,43.0
GA,Jackson County,43.0
ID,Minidoka County,43.0
IA,Mitchell County,43.0
IA,Jones County,43.0
VA,Fairfax city,43.0
AL,Fayette County,43.0
IA,Emmet County,43.0
WI,Sawyer County,43.0
KS,Pottawatomie County,43.0
ME,Piscataquis County,43.0
ME,Waldo County,43.0
MN,Renville County,43.0
MD,Dorchester County,43.0
MT,Fergus County,43.0
LA,Winn Parish,43.0
WV,Morgan County,42.0
ID,Gem County,42.0
IN,Clay County,42.0
IN,White County,42.0
VA,Lee County,42.0
NH,Sullivan County,42.0
WY,Goshen County,42.0
OH,Noble County,42.0
OH,Harrison County,42.0
GA,Rabun County,42.0
WV,Boone County,42.0
GA,Meriwether County,42.0
WY,Albany County,42.0
AL,Cherokee County,42.0
WI,Oconto County,42.0
WV,Wetzel County,42.0
NY,Yates County,42.0
IA,Jackson County,42.0
MT,Park County,42.0
VA,Bristol city,42.0
AR,Randolph County,41.0
WY,Converse County,41.0
KY,Mercer County,41.0
TX,Colorado County,41.0
IA,Buena Vista County,41.0
GA,Jefferson County,41.0
OR,Crook County,41.0
AR,Cross County,41.0
AR,Logan County,41.0
IN,Fountain County,41.0
IA,Crawford County,41.0
MT,Lincoln County,41.0
MN,Nobles County,41.0
LA,Sabine Parish,41.0
LA,Pointe Coupee Parish,41.0
AR,Hempstead County,41.0
UT,Uintah County,41.0
KY,Garrard County,41.0
ID,Payette County,41.0
NC,Madison County,40.0
TN,DeKalb County,40.0
MO,Henry County,40.0
KS,Sumner County,40.0
IN,Jennings County,40.0
OH,Paulding County,40.0
IL,Greene County,40.0
OK,Adair County,40.0
IA,Monona County,40.0
IA,Monroe County,40.0
GA,White County,40.0
IN,Washington County,40.0
TX,Andrews County,40.0
IA,Union County,40.0
HI,Kauai County,40.0
GA,Haralson County,40.0
GA,Burke County,40.0
AR,Yell County,39.0
MN,Chippewa County,39.0
MT,Deer Lodge County,39.0
VA,Isle of Wight County,39.0
MI,Baraga County,39.0
AK,Bethel Census Area,39.0
TX,Reeves County,39.0
MN,Kanabec County,39.0
IN,Newton County,39.0
LA,Richland Parish,39.0
SD,Grant County,39.0
VA,Emporia city,39.0
TN,Fayette County,39.0
TX,Freestone County,39.0
KY,Simpson County,39.0
ID,Shoshone County,39.0
IL,Mason County,39.0
OR,Curry County,39.0
NC,Pender County,39.0
SD,Hamlin County,39.0
AL,Conecuh County,39.0
OK,Texas County,39.0
IA,Ida County,39.0
AR,Clark County,39.0
PA,Pike County,38.0
SC,Abbeville County,38.0
MN,Faribault County,38.0
MS,Covington County,38.0
NY,Lewis County,38.0
MI,Oceana County,38.0
VA,Essex County,38.0
TN,McNairy County,38.0
OH,Morrow County,38.0
ND,Barnes County,38.0
MT,Custer County,38.0
MO,Dallas County,38.0
GA,Bleckley County,38.0
TN,Macon County,38.0
MS,Scott County,38.0
WI,Iron County,38.0
MT,Sanders County,38.0
IL,Union County,38.0
MO,Macon County,38.0
TX,Somervell County,38.0
NC,Alexander County,37.0
OK,Hughes County,37.0
LA,West Carroll Parish,37.0
ND,McLean County,37.0
IA,Grundy County,37.0
TX,Frio County,37.0
IA,Floyd County,37.0
NC,Bladen County,37.0
WI,Richland County,37.0
MO,Miller County,37.0
OK,Atoka County,37.0
TN,Hardeman County,37.0
WV,Hampshire County,37.0
AL,Pickens County,37.0
NC,Clay County,37.0
MN,Pennington County,36.0
AR,Hot Spring County,36.0
AR,Howard County,36.0
AR,Miller County,36.0
WV,Taylor County,36.0
IA,Boone County,36.0
TN,Marion County,36.0
KS,Marshall County,36.0
IL,White County,36.0
MN,Cottonwood County,36.0
VA,Staunton city,36.0
TN,Johnson County,36.0
LA,Concordia Parish,36.0
AZ,Santa Cruz County,36.0
AL,Clarke County,36.0
CA,Colusa County,35.0
LA,De Soto Parish,35.0
KS,Norton County,35.0
GA,McDuffie County,35.0
IA,Hancock County,35.0
MN,Roseau County,35.0
NM,Socorro County,35.0
FL,Taylor County,35.0
TN,Fentress County,35.0
NC,Martin County,35.0
IA,Howard County,35.0
MO,Grundy County,35.0
AR,St. Francis County,35.0
KY,Breckinridge County,35.0
NC,Washington County,35.0
OK,Kiowa County,35.0
KS,Cloud County,35.0
KS,Jefferson County,35.0
VA,Scott County,35.0
TN,Marshall County,35.0
NM,San Miguel County,35.0
GA,Greene County,34.0
VA,Caroline County,34.0
KY,Carter County,34.0
MO,Nodaway County,34.0
NC,Yancey County,34.0
MS,Holmes County,34.0
TX,Parmer County,34.0
AR,Marion County,34.0
NC,Yadkin County,34.0
SD,Roberts County,34.0
TX,Terry County,34.0
MS,Clarke County,34.0
GA,Lamar County,34.0
IN,Brown County,34.0
OH,Meigs County,34.0
FL,Union County,34.0
CO,Montezuma County,34.0
GA,Evans County,34.0
WI,Rusk County,34.0
ID,Clearwater County,34.0
IA,Adair County,34.0
KY,Adair County,33.0
ND,Walsh County,33.0
OR,Hood River County,33.0
ME,Knox County,33.0
WA,Pacific County,33.0
IL,De Witt County,33.0
KS,Clay County,33.0
IN,Starke County,33.0
MS,Chickasaw County,33.0
NC,Montgomery County,33.0
MI,Menominee County,33.0
IA,Keokuk County,33.0
TX,Ochiltree County,33.0
SD,Spink County,33.0
ND,Dickey County,33.0
MT,Roosevelt County,33.0
AR,Franklin County,33.0
TX,Yoakum County,33.0
OK,Woods County,33.0
SC,Saluda County,33.0
MO,New Madrid County,33.0
VT,Caledonia County,33.0
OK,Craig County,33.0
LA,Red River Parish,33.0
IL,Washington County,33.0
ID,Idaho County,33.0
KY,Cumberland County,33.0
GA,Polk County,32.0
IL,Hamilton County,32.0
IA,Lyon County,32.0
WI,Iowa County,32.0
OH,Carroll County,32.0
PA,Snyder County,32.0
IA,Clay County,32.0
MO,Douglas County,32.0
NE,Washington County,32.0
IL,Shelby County,32.0
MS,Amite County,32.0
NE,Cuming County,32.0
MN,Pine County,32.0
ND,Pierce County,32.0
LA,St. James Parish,32.0
AR,Carroll County,32.0
WI,Vilas County,32.0
VA,Amelia County,32.0
SD,Day County,32.0
NC,Northampton County,31.0
IL,Kendall County,31.0
VA,Northampton County,31.0
MT,Beaverhead County,31.0
IA,Jefferson County,31.0
IN,Jay County,31.0
FL,Calhoun County,31.0
TX,Milam County,31.0
IA,Clarke County,31.0
ID,Gooding County,31.0
IN,Vermillion County,31.0
AR,Drew County,31.0
KY,Hart County,31.0
MI,Charlevoix County,31.0
WI,Waushara County,31.0
TN,Lauderdale County,31.0
MD,Caroline County,31.0
VA,Rockbridge County,31.0
AR,Izard County,31.0
KS,Coffey County,31.0
IA,Palo Alto County,31.0
GA,Worth County,31.0
KS,Wilson County,31.0
AR,Arkansas County,31.0
MO,Pemiscot County,30.0
TN,Cannon County,30.0
WV,Braxton County,30.0
SD,Hutchinson County,30.0
GA,Irwin County,30.0
SC,Edgefield County,30.0
VT,Windham County,30.0
MO,Barton County,30.0
CO,Teller County,30.0
MN,Redwood County,30.0
VA,Nottoway County,30.0
KY,Meade County,30.0
IA,Louisa County,30.0
VA,Grayson County,30.0
TN,Smith County,30.0
AR,Lawrence County,30.0
KS,Brown County,30.0
TN,Wayne County,30.0
IA,Wayne County,30.0
AR,Chicot County,30.0
AL,Hale County,30.0
KY,Lee County,30.0
IA,Iowa County,30.0
KY,Larue County,30.0
KY,Estill County,30.0
TX,Shelby County,30.0
IL,Bond County,30.0
FL,Madison County,29.0
TX,Upshur County,29.0
KY,Caldwell County,29.0
MO,Cooper County,29.0
TN,Unicoi County,29.0
GA,Mitchell County,29.0
KY,Livingston County,29.0
MI,Benzie County,29.0
FL,Bradford County,29.0
AR,Bradley County,29.0
KS,Miami County,29.0
CO,Huerfano County,29.0
CO,Prowers County,29.0
WV,Wyoming County,29.0
WY,Carbon County,29.0
OK,McIntosh County,29.0
WY,Washakie County,29.0
ND,Ransom County,29.0
TN,Benton County,29.0
WY,Platte County,29.0
TN,Grainger County,29.0
LA,Grant Parish,29.0
MT,Glacier County,29.0
WA,Pend Oreille County,29.0
IN,Blackford County,29.0
ID,Washington County,29.0
OK,Greer County,29.0
MO,Dunklin County,29.0
OK,Latimer County,29.0
NE,Cheyenne County,28.0
OK,Pushmataha County,28.0
VA,Louisa County,28.0
TX,Calhoun County,28.0
ME,Washington County,28.0
AL,Cleburne County,28.0
IL,Jo Daviess County,28.0
OR,Jefferson County,28.0
MO,Cedar County,28.0
OK,Dewey County,28.0
TN,Cheatham County,28.0
NE,Red Willow County,28.0
TX,Floyd County,28.0
AR,Dallas County,28.0
NE,Dakota County,28.0
OK,Okfuskee County,28.0
GA,Jenkins County,28.0
TN,Clay County,28.0
ID,Owyhee County,28.0
UT,Sanpete County,28.0
NY,Greene County,28.0
MT,Valley County,28.0
KY,Fleming County,28.0
ID,Cassia County,28.0
MN,Koochiching County,28.0
MN,Kittson County,28.0
KS,Allen County,28.0
MN,Rock County,28.0
KY,Clinton County,28.0
IA,Humboldt County,28.0
KY,Green County,28.0
KY,Casey County,28.0
IA,Ringgold County,27.0
OR,Columbia County,27.0
KS,Mitchell County,27.0
VA,Greene County,27.0
TX,Hamilton County,27.0
NE,Nemaha County,27.0
TN,Houston County,27.0
OK,Major County,27.0
VT,Orleans County,27.0
MO,Linn County,27.0
MN,Le Sueur County,27.0
NE,Cass County,27.0
TX,Sabine County,27.0
OK,Pawnee County,27.0
IA,Madison County,27.0
MO,Montgomery County,27.0
TX,Newton County,27.0
OK,Washita County,27.0
TX,San Augustine County,27.0
VA,Orange County,27.0
OR,Baker County,27.0
GA,Miller County,27.0
TN,Humphreys County,27.0
SC,Calhoun County,27.0
WI,Washburn County,27.0
NC,Bertie County,27.0
NE,Saunders County,27.0
VA,Botetourt County,27.0
IL,Clark County,27.0
TX,Childress County,27.0
MO,Pulaski County,26.0
NE,Sheridan County,26.0
CO,Routt County,26.0
AL,Choctaw County,26.0
KS,Scott County,26.0
IA,Page County,26.0
KS,Atchison County,26.0
WI,Burnett County,26.0
NE,Seward County,26.0
MS,Claiborne County,26.0
VA,Amherst County,26.0
KY,Crittenden County,26.0
AR,Sharp County,26.0
IL,Cass County,26.0
AR,Stone County,26.0
TX,Bosque County,26.0
OK,Johnston County,26.0
TX,Waller County,26.0
IN,Pike County,26.0
IA,Buchanan County,26.0
AL,Randolph County,26.0
NE,Hamilton County,26.0
TX,Gaines County,26.0
MO,Carroll County,26.0
AR,Ashley County,26.0
VA,Southampton County,25.0
MI,Presque Isle County,25.0
KY,Washington County,25.0
MN,Yellow Medicine County,25.0
GA,Jasper County,25.0
NM,Los Alamos County,25.0
AR,Jackson County,25.0
MN,Waseca County,25.0
FL,Baker County,25.0
LA,Iberville Parish,25.0
IL,Mercer County,25.0
MO,Moniteau County,25.0
MI,Roscommon County,25.0
SC,Bamberg County,25.0
GA,Screven County,25.0
MN,Fillmore County,25.0
VA,Clarke County,25.0
ID,Elmore County,25.0
LA,Caldwell Parish,25.0
SD,Gregory County,25.0
NE,Phelps County,25.0
NE,Dawes County,25.0
SD,McCook County,25.0
TX,Jones County,25.0
KS,Morris County,25.0
VA,Lancaster County,25.0
MO,Chariton County,24.0
MI,Osceola County,24.0
KY,Leslie County,24.0
KS,Thomas County,24.0
AR,Scott County,24.0
TX,Aransas County,24.0
GA,Early County,24.0
TN,Stewart County,24.0
TX,Crane County,24.0
MO,Madison County,24.0
SD,Lake County,24.0
FL,Wakulla County,24.0
TN,Perry County,24.0
MN,Lac qui Parle County,24.0
VA,Middlesex County,24.0
MO,Warren County,24.0
WI,Jackson County,24.0
NM,Quay County,24.0
IL,Wabash County,24.0
KS,Ellsworth County,24.0
IL,Schuyler County,24.0
OH,Monroe County,24.0
NE,Morrill County,24.0
MS,Itawamba County,24.0
IA,Davis County,24.0
WI,Marquette County,24.0
WI,Juneau County,24.0
GA,Berrien County,23.0
MN,Cass County,23.0
NE,Cedar County,23.0
MO,Dade County,23.0
MT,Richland County,23.0
WY,Uinta County,23.0
NC,Swain County,23.0
OH,Vinton County,23.0
IA,Winnebago County,23.0
WV,Barbour County,23.0
OK,Noble County,23.0
WI,Kewaunee County,23.0
KS,Cherokee County,23.0
KS,Doniphan County,23.0
WA,Douglas County,23.0
CO,Conejos County,23.0
NY,Schoharie County,23.0
TX,Grimes County,23.0
TX,Falls County,23.0
MN,Swift County,23.0
GA,Johnson County,23.0
IA,Butler County,23.0
MS,Yalobusha County,22.0
LA,Jackson Parish,22.0
KY,Edmonson County,22.0
IA,Lucas County,22.0
KY,Morgan County,22.0
KS,Gove County,22.0
TN,Hickman County,22.0
NE,Polk County,22.0
NE,Box Butte County,22.0
NE,Keith County,22.0
GA,Wilkes County,22.0
WV,Roane County,22.0
TX,Hartley County,22.0
TX,Austin County,22.0
SD,Butte County,22.0
KS,Marion County,22.0
MS,Jefferson Davis County,22.0
VA,Giles County,22.0
IL,Lawrence County,22.0
IA,Cedar County,22.0
IN,Carroll County,22.0
TN,Haywood County,22.0
MN,Lake County,22.0
AL,Washington County,22.0
UT,Duchesne County,22.0
ND,Traill County,22.0
IN,Rush County,22.0
OK,Haskell County,22.0
MO,Ray County,22.0
TN,Morgan County,22.0
MI,Missaukee County,22.0
AR,Montgomery County,22.0
AR,Newton County,22.0
IL,Cumberland County,22.0
SD,Bon Homme County,22.0
KY,Lewis County,22.0
SC,Barnwell County,21.0
SD,Walworth County,21.0
PA,Forest County,21.0
KS,Russell County,21.0
TX,Callahan County,21.0
IL,Douglas County,21.0
FL,Hardee County,21.0
MS,Newton County,21.0
VA,Buena Vista city,21.0
TX,San Jacinto County,21.0
TX,Brewster County,21.0
MS,Lawrence County,21.0
IL,Piatt County,21.0
NC,Caswell County,21.0
MI,Alcona County,21.0
CO,Elbert County,21.0
IN,Warren County,21.0
ME,Lincoln County,21.0
OR,Harney County,21.0
TX,Robertson County,21.0
ID,Caribou County,21.0
MN,Pipestone County,21.0
CO,Rio Grande County,21.0
LA,West Baton Rouge Parish,21.0
MO,Scotland County,21.0
PA,Sullivan County,21.0
MS,Wilkinson County,21.0
TN,Chester County,21.0
TX,Stephens County,21.0
OK,Blaine County,21.0
TX,Madison County,21.0
MO,Hickory County,20.0
VA,Floyd County,20.0
MS,Franklin County,20.0
VA,Appomattox County,20.0
WI,Adams County,20.0
TX,Trinity County,20.0
NC,Dare County,20.0
KY,Owen County,20.0
GA,Brantley County,20.0
KY,Woodford County,20.0
IL,Carroll County,20.0
IA,Franklin County,20.0
IA,Guthrie County,20.0
MI,Kalkaska County,20.0
UT,Sevier County,20.0
CO,Yuma County,20.0
VT,Lamoille County,20.0
ND,Adams County,20.0
TX,Knox County,20.0
MI,Leelanau County,20.0
GA,Cook County,20.0
MO,Atchison County,20.0
VA,Waynesboro city,20.0
MO,Perry County,20.0
KY,Gallatin County,19.0
ID,Benewah County,19.0
TX,Clay County,19.0
KS,Bourbon County,19.0
KY,Knott County,19.0
IA,Sac County,19.0
CA,Plumas County,19.0
IA,Van Buren County,19.0
AR,Grant County,19.0
VA,Radford city,19.0
SD,Douglas County,19.0
SD,Fall River County,19.0
NE,Richardson County,19.0
TX,Burleson County,19.0
WV,Tucker County,19.0
MI,Ontonagon County,19.0
AL,Sumter County,19.0
NE,Otoe County,19.0
CA,Modoc County,19.0
AR,Poinsett County,19.0
AR,Searcy County,19.0
SD,Brule County,19.0
ND,McHenry County,19.0
GA,Pike County,19.0
TX,Lee County,19.0
GA,Treutlen County,19.0
TX,Morris County,19.0
OK,Nowata County,19.0
IL,Jasper County,19.0
CO,Eagle County,19.0
IL,Menard County,19.0
KS,Washington County,19.0
IL,Stark County,19.0
ND,Foster County,19.0
GA,Hart County,19.0
WY,Teton County,19.0
ND,Rolette County,19.0
ME,Sagadahoc County,19.0
MO,Ozark County,19.0
WV,Mingo County,19.0
GA,Chattooga County,19.0
WA,Klickitat County,19.0
KS,Phillips County,19.0
KY,Anderson County,19.0
KS,Harper County,18.0
SD,Todd County,18.0
NE,Pierce County,18.0
MS,Noxubee County,18.0
MO,Andrew County,18.0
MS,Smith County,18.0
KS,Stafford County,18.0
GA,Pierce County,18.0
IA,Pocahontas County,18.0
GA,Brooks County,18.0
MO,St. Clair County,18.0
TX,Mills County,18.0
MS,Tallahatchie County,18.0
VA,Dickenson County,18.0
NE,Wayne County,18.0
MS,Walthall County,18.0
KY,Metcalfe County,18.0
TX,Ward County,18.0
TX,Castro County,18.0
KY,Carroll County,18.0
MN,Watonwan County,18.0
AR,Desha County,18.0
KS,Rooks County,18.0
AL,Lamar County,18.0
KS,Rice County,18.0
KY,Union County,18.0
MO,Monroe County,18.0
NE,Nuckolls County,18.0
WI,Crawford County,18.0
KS,Kingman County,18.0
NC,Alleghany County,18.0
TN,Sequatchie County,18.0
SC,Lee County,18.0
SD,Jerauld County,18.0
OR,Wallowa County,18.0
NC,Avery County,18.0
TX,Haskell County,18.0
WA,Jefferson County,18.0
TX,Bailey County,18.0
WY,Johnson County,18.0
TX,Bandera County,17.0
FL,Jefferson County,17.0
MO,Clark County,17.0
KS,Anderson County,17.0
ID,Franklin County,17.0
ID,Blaine County,17.0
AK,Ketchikan Gateway Borough,17.0
OR,Lake County,17.0
MI,Oscoda County,17.0
AR,Lincoln County,17.0
MO,Gentry County,17.0
TN,Lewis County,17.0
AR,Conway County,17.0
OK,Marshall County,17.0
AK,Juneau City and Borough,17.0
MT,Powell County,17.0
IN,Spencer County,17.0
FL,Gilchrist County,17.0
ID,Jefferson County,17.0
LA,Bienville Parish,17.0
NE,Howard County,17.0
CO,Las Animas County,17.0
MO,Wright County,17.0
MO,Bollinger County,17.0
MI,Antrim County,17.0
WI,Forest County,17.0
UT,San Juan County,17.0
VT,Addison County,17.0
MD,Somerset County,17.0
MN,Sibley County,17.0
MS,Carroll County,17.0
UT,Wasatch County,17.0
MN,Pope County,17.0
VA,Fluvanna County,17.0
WV,Summers County,17.0
MO,Ste. Genevieve County,17.0
IL,Henderson County,17.0
KS,Osage County,17.0
SD,Charles Mix County,16.0
GA,Dade County,16.0
MO,Schuyler County,16.0
TX,Dimmit County,16.0
AL,Perry County,16.0
MO,Osage County,16.0
VA,Buckingham County,16.0
CO,Bent County,16.0
NE,Holt County,16.0
AR,Lee County,16.0
IL,Hardin County,16.0
MO,Pike County,16.0
KS,Republic County,16.0
IL,Moultrie County,16.0
KY,Spencer County,16.0
TX,Baylor County,16.0
SD,Custer County,16.0
MS,Kemper County,16.0
IA,Audubon County,16.0
TN,Decatur County,16.0
LA,Madison Parish,16.0
IA,Greene County,16.0
IN,Martin County,16.0
VA,Bath County,16.0
GA,Hancock County,16.0
TX,Wheeler County,16.0
NE,York County,16.0
WV,Clay County,16.0
VA,Sussex County,16.0
FL,Lafayette County,16.0
WY,Lincoln County,16.0
TX,Leon County,16.0
MS,Sharkey County,16.0
IA,Decatur County,16.0
KS,Grant County,16.0
ND,Nelson County,16.0
WY,Hot Springs County,16.0
OK,Jefferson County,16.0
VA,Madison County,16.0
NE,Perkins County,16.0
SD,Moody County,16.0
AR,Van Buren County,16.0
MS,Benton County,16.0
NV,White Pine County,16.0
MN,Houston County,16.0
KY,McLean County,15.0
WY,Crook County,15.0
TX,McCulloch County,15.0
IL,Marshall County,15.0
ID,Jerome County,15.0
TX,Blanco County,15.0
TX,Hansford County,15.0
KY,Pendleton County,15.0
NE,Boone County,15.0
TX,Hall County,15.0
MI,Luce County,15.0
AL,Macon County,15.0
TX,Pecos County,15.0
WI,Lafayette County,15.0
IL,Brown County,15.0
ND,LaMoure County,15.0
LA,Assumption Parish,15.0
NE,Fillmore County,15.0
WV,Hardy County,15.0
KY,Ballard County,15.0
MN,Wilkin County,15.0
MT,Phillips County,15.0
GA,Clinch County,15.0
AR,Nevada County,15.0
KS,Ness County,15.0
VA,Bland County,15.0
CO,Summit County,15.0
MT,Carbon County,15.0
KS,Kearny County,15.0
ND,Bottineau County,15.0
GA,Dawson County,15.0
KY,Grant County,15.0
MS,Stone County,15.0
IA,Osceola County,15.0
MN,Big Stone County,15.0
SC,Marlboro County,15.0
MO,Mississippi County,15.0
WV,Pocahontas County,15.0
KS,Osborne County,15.0
NM,Torrance County,15.0
KY,Henry County,15.0
TN,Union County,15.0
MO,DeKalb County,15.0
MT,Big Horn County,15.0
MO,Harrison County,15.0
VA,Westmoreland County,15.0
AL,Wilcox County,14.0
IN,Franklin County,14.0
TN,Bledsoe County,14.0
WV,Lincoln County,14.0
VT,Orange County,14.0
OK,Coal County,14.0
KS,Greenwood County,14.0
TX,Franklin County,14.0
WA,Ferry County,14.0
AL,Lowndes County,14.0
GA,Seminole County,14.0
SD,Clay County,14.0
GA,Wilcox County,14.0
GA,Turner County,14.0
TX,Jack County,14.0
TX,Jackson County,14.0
WV,Pleasants County,14.0
KY,McCreary County,14.0
TX,Duval County,14.0
MI,Mackinac County,14.0
MI,Lake County,14.0
WI,Price County,14.0
TX,Red River County,14.0
KS,Comanche County,14.0
MT,Rosebud County,14.0
AR,Pike County,14.0
NV,Pershing County,14.0
VA,Brunswick County,14.0
GA,Bryan County,14.0
WA,Lincoln County,14.0
VA,Richmond County,14.0
MO,McDonald County,14.0
KS,Sherman County,14.0
TX,Rains County,13.0
TN,Polk County,13.0
NE,Burt County,13.0
TX,La Salle County,13.0
NE,Clay County,13.0
SD,Edmunds County,13.0
KS,Ottawa County,13.0
GA,Telfair County,13.0
IA,Adams County,13.0
CO,Baca County,13.0
ND,Pembina County,13.0
NE,Johnson County,13.0
SC,McCormick County,13.0
CO,Crowley County,13.0
KY,Todd County,13.0
CO,Kit Carson County,13.0
MN,Wabasha County,13.0
KY,Jackson County,13.0
CO,Rio Blanco County,13.0
WI,Bayfield County,13.0
NC,Currituck County,13.0
TX,Willacy County,13.0
TN,Grundy County,13.0
AR,Sevier County,13.0
NC,Greene County,13.0
MO,Iron County,13.0
TX,Mitchell County,13.0
OK,Cotton County,13.0
SD,Ziebach County,13.0
NE,Antelope County,13.0
FL,Gulf County,13.0
MO,Putnam County,13.0
NE,Nance County,13.0
MO,Wayne County,13.0
GA,Morgan County,13.0
MO,Stone County,13.0
KS,Clark County,13.0
LA,West Feliciana Parish,12.0
GA,Harris County,12.0
GA,Glascock County,12.0
TX,Marion County,12.0
TX,Refugio County,12.0
GA,Madison County,12.0
GA,Jones County,12.0
GA,Marion County,12.0
GA,Charlton County,12.0
CO,Phillips County,12.0
KS,Rush County,12.0
ND,Grant County,12.0
GA,Terrell County,12.0
KY,Bath County,12.0
WV,Pendleton County,12.0
ID,Fremont County,12.0
CO,Grand County,12.0
KY,Powell County,12.0
NE,Thurston County,12.0
IN,Posey County,12.0
SD,Union County,12.0
TX,Crosby County,12.0
MN,Lincoln County,12.0
VA,Falls Church city,12.0
KS,Edwards County,12.0
MN,Mahnomen County,12.0
KY,Magoffin County,12.0
TN,Jackson County,12.0
AR,Madison County,12.0
AR,Cleveland County,12.0
TX,Brooks County,12.0
TX,Winkler County,12.0
KY,Hickman County,12.0
GA,Twiggs County,12.0
TN,Van Buren County,12.0
ID,Lemhi County,12.0
SD,Haakon County,12.0
MI,Schoolcraft County,12.0
SD,Faulk County,12.0
MN,Dodge County,11.0
TN,Pickett County,11.0
KY,Martin County,11.0
TN,Meigs County,11.0
MT,Musselshell County,11.0
GA,Heard County,11.0
WY,Sublette County,11.0
GA,Banks County,11.0
TN,Hancock County,11.0
MO,Shannon County,11.0
VA,Mathews County,11.0
ID,Bear Lake County,11.0
NE,Thayer County,11.0
KS,Sheridan County,11.0
VA,Powhatan County,11.0
ID,Power County,11.0
NY,Schuyler County,11.0
KS,Trego County,11.0
MS,Humphreys County,11.0
SD,Bennett County,11.0
NE,Knox County,11.0
KS,Meade County,11.0
VA,King George County,11.0
KY,Butler County,11.0
KY,Trigg County,11.0
IA,Chickasaw County,11.0
MN,Murray County,11.0
UT,Millard County,11.0
MS,Tunica County,11.0
UT,Juab County,11.0
MN,Marshall County,11.0
TX,Swisher County,11.0
UT,Emery County,11.0
TX,Lynn County,11.0
MO,Sullivan County,11.0
SD,Shannon County,11.0
ND,Wells County,11.0
FL,Dixie County,11.0
FL,Franklin County,11.0
NC,Jones County,11.0
KY,Nicholas County,11.0
AL,Coosa County,11.0
KS,Gray County,11.0
MS,Jefferson County,11.0
VA,Greensville County,10.0
WV,Webster County,10.0
UT,Summit County,10.0
VA,King William County,10.0
TX,Zapata County,10.0
UT,Beaver County,10.0
TX,Upton County,10.0
WY,Weston County,10.0
MS,Perry County,10.0
ND,Renville County,10.0
AL,Henry County,10.0
NC,Perquimans County,10.0
NC,Pamlico County,10.0
MT,Madison County,10.0
KS,Haskell County,10.0
IA,Fremont County,10.0
AR,Prairie County,10.0
MN,Jackson County,10.0
NE,Custer County,10.0
CA,Mariposa County,10.0
GA,Wilkinson County,10.0
GA,Macon County,10.0
NC,Gates County,10.0
LA,Catahoula Parish,10.0
TX,Collingsworth County,10.0
GA,Randolph County,10.0
SD,Tripp County,10.0
AK,Northwest Arctic Borough,10.0
MT,Blaine County,10.0
KY,Carlisle County,10.0
NE,Merrick County,10.0
NE,Kimball County,10.0
IN,Crawford County,10.0
SD,Hand County,10.0
KS,Wabaunsee County,10.0
TX,Coke County,10.0
AK,Sitka City and Borough,10.0
KY,Menifee County,10.0
GA,Lee County,10.0
KS,Stevens County,10.0
TX,Lipscomb County,10.0
KS,Smith County,0.0
KS,Wallace County,0.0
WI,Buffalo County,0.0
KS,Pawnee County,0.0
KS,Morton County,0.0
KS,Stanton County,0.0
KS,Logan County,0.0
KS,Linn County,0.0
KS,Rawlins County,0.0
KS,Hodgeman County,0.0
KS,Lincoln County,0.0
KS,Chautauqua County,0.0
WI,Menominee County,0.0
IL,Scott County,0.0
IN,Benton County,0.0
IN,Ohio County,0.0
IN,Parke County,0.0
IN,Switzerland County,0.0
IN,Union County,0.0
KS,Barber County,0.0
KS,Chase County,0.0
KS,Cheyenne County,0.0
KS,Lane County,0.0
KS,Decatur County,0.0
KS,Elk County,0.0
KS,Graham County,0.0
KS,Greeley County,0.0
KS,Woodson County,0.0
KS,Jackson County,0.0
KS,Jewell County,0.0
KS,Kiowa County,0.0
WI,Florence County,0.0
KS,Wichita County,0.0
KY,Owsley County,0.0
KY,Bracken County,0.0
MO,Daviess County,0.0
WA,Garfield County,0.0
MN,Lake of the Woods County,0.0
MN,Norman County,0.0
MN,Red Lake County,0.0
MN,Stevens County,0.0
WA,Columbia County,0.0
MN,Traverse County,0.0
MO,Caldwell County,0.0
MO,Carter County,0.0
MO,Holt County,0.0
MN,Cook County,0.0
WA,Adams County,0.0
MO,Howard County,0.0
MO,Knox County,0.0
MO,Lewis County,0.0
MO,Maries County,0.0
MO,Mercer County,0.0
MO,Oregon County,0.0
MO,Ralls County,0.0
VT,Grand Isle County,0.0
MN,Grant County,0.0
MN,Clearwater County,0.0
KY,Elliott County,0.0
KY,Wolfe County,0.0
KY,Fulton County,0.0
KY,Hancock County,0.0
KY,Lyon County,0.0
WA,Wahkiakum County,0.0
IL,Pulaski County,0.0
KY,Robertson County,0.0
KY,Trimble County,0.0
KY,Webster County,0.0
WA,Skamania County,0.0
WA,San Juan County,0.0
MI,Montmorency County,0.0
LA,Cameron Parish,0.0
LA,East Carroll Parish,0.0
LA,Plaquemines Parish,0.0
LA,St. Helena Parish,0.0
LA,Tensas Parish,0.0
MA,Dukes County,0.0
MA,Nantucket County,0.0
MI,Alger County,0.0
MI,Keweenaw County,0.0
IL,Putnam County,0.0
ID,Valley County,0.0
IL,Pope County,0.0
AZ,Greenlee County,0.0
CA,Mono County,0.0
CA,Sierra County,0.0
CA,Trinity County,0.0
CO,Archuleta County,0.0
WV,Ritchie County,0.0
CO,Cheyenne County,0.0
CO,Clear Creek County,0.0
CO,Costilla County,0.0
CO,Custer County,0.0
CO,Dolores County,0.0
CO,Gilpin County,0.0
CO,Gunnison County,0.0
CO,Kiowa County,0.0
CO,Lake County,0.0
CO,Lincoln County,0.0
WV,Monroe County,0.0
CO,Mineral County,0.0
CO,Ouray County,0.0
CO,Park County,0.0
CO,Pitkin County,0.0
CO,Saguache County,0.0
WV,Tyler County,0.0
AR,Woodruff County,0.0
IL,Johnson County,0.0
WV,Wirt County,0.0
AK,Denali Borough,0.0
AK,Dillingham Census Area,0.0
AK,Hoonah-Angoon Census Area,0.0
AK,Kodiak Island Borough,0.0
AK,Nome Census Area,0.0
AK,North Slope Borough,0.0
AK,Petersburg Census Area,0.0
WY,Niobrara County,0.0
AK,Prince of Wales-Hyder Census Area,0.0
AK,Skagway Municipality,0.0
AK,Southeast Fairbanks Census Area,0.0
AK,Valdez-Cordova Census Area,0.0
AK,Wade Hampton Census Area,0.0
AK,Wrangell City and Borough,0.0
AK,Yukon-Koyukuk Census Area,0.0
AL,Bullock County,0.0
AL,Greene County,0.0
AR,Calhoun County,0.0
AR,Lafayette County,0.0
AR,Monroe County,0.0
AR,Perry County,0.0
CO,San Miguel County,0.0
CO,Sedgwick County,0.0
CO,Washington County,0.0
FL,Glades County,0.0
GA,Webster County,0.0
GA,Wheeler County,0.0
IA,Calhoun County,0.0
IA,Mills County,0.0
IA,Taylor County,0.0
IA,Worth County,0.0
ID,Adams County,0.0
ID,Boise County,0.0
ID,Butte County,0.0
ID,Clark County,0.0
ID,Custer County,0.0
ID,Lewis County,0.0
ID,Lincoln County,0.0
ID,Oneida County,0.0
ID,Teton County,0.0
MO,Ripley County,0.0
IL,Alexander County,0.0
IL,Calhoun County,0.0
WI,Pepin County,0.0
IL,Edwards County,0.0
IL,Gallatin County,0.0
GA,Warren County,0.0
GA,Taylor County,0.0
GA,Talbot County,0.0
GA,Echols County,0.0
FL,Hamilton County,0.0
FL,Liberty County,0.0
GA,Atkinson County,0.0
GA,Baker County,0.0
GA,Calhoun County,0.0
GA,Chattahoochee County,0.0
GA,Clay County,0.0
GA,Crawford County,0.0
GA,Dooly County,0.0
WV,Gilmer County,0.0
GA,Stewart County,0.0
GA,Lincoln County,0.0
WV,Doddridge County,0.0
GA,Long County,0.0
WV,Calhoun County,0.0
GA,McIntosh County,0.0
GA,Montgomery County,0.0
GA,Oglethorpe County,0.0
GA,Quitman County,0.0
GA,Schley County,0.0
MO,Reynolds County,0.0
TX,Real County,0.0
MO,Shelby County,0.0
OR,Grant County,0.0
PA,Cameron County,0.0
SC,Allendale County,0.0
SD,Aurora County,0.0
SD,Buffalo County,0.0
SD,Clark County,0.0
SD,Corson County,0.0
SD,Deuel County,0.0
SD,Hyde County,0.0
SD,Jackson County,0.0
SD,Kingsbury County,0.0
SD,Lyman County,0.0
UT,Piute County,0.0
UT,Morgan County,0.0
SD,Marshall County,0.0
UT,Kane County,0.0
SD,McPherson County,0.0
SD,Mellette County,0.0
UT,Grand County,0.0
UT,Garfield County,0.0
SD,Miner County,0.0
SD,Perkins County,0.0
OR,Morrow County,0.0
OR,Gilliam County,0.0
SD,Sanborn County,0.0
OK,Tillman County,0.0
NM,Guadalupe County,0.0
NM,Hidalgo County,0.0
NM,Mora County,0.0
VA,Charlotte County,0.0
VA,Charles City County,0.0
NM,Union County,0.0
NV,Esmeralda County,0.0
NV,Eureka County,0.0
NV,Lander County,0.0
NV,Lincoln County,0.0
NV,Mineral County,0.0
NV,Storey County,0.0
NY,Hamilton County,0.0
OK,Alfalfa County,0.0
OK,Beaver County,0.0
OK,Cimarron County,0.0
OK,Ellis County,0.0
OK,Grant County,0.0
OK,Harmon County,0.0
OK,Harper County,0.0
OK,Roger Mills County,0.0
SD,Potter County,0.0
SD,Stanley County,0.0
MO,Worth County,0.0
TX,Hemphill County,0.0
TX,Jeff Davis County,0.0
TX,Jim Hogg County,0.0
TX,Kent County,0.0
TX,Throckmorton County,0.0
TX,Kimble County,0.0
TX,Kinney County,0.0
TX,Live Oak County,0.0
TX,Sutton County,0.0
TX,Stonewall County,0.0
TX,Sterling County,0.0
TX,Martin County,0.0
TX,Mason County,0.0
TX,McMullen County,0.0
TX,Menard County,0.0
TX,Sherman County,0.0
TX,Motley County,0.0
TX,Shackelford County,0.0
TX,Oldham County,0.0
TX,Schleicher County,0.0
TX,San Saba County,0.0
TX,Presidio County,0.0
TX,Hudspeth County,0.0
TX,Hardeman County,0.0
TN,Lake County,0.0
TX,Goliad County,0.0
TX,Zavala County,0.0
TN,Moore County,0.0
TN,Trousdale County,0.0
TX,Archer County,0.0
TX,Armstrong County,0.0
TX,Borden County,0.0
TX,Briscoe County,0.0
TX,Carson County,0.0
TX,Cochran County,0.0
TX,Concho County,0.0
TX,Cottle County,0.0
TX,Crockett County,0.0
TX,Culberson County,0.0
TX,Dallam County,0.0
TX,Delta County,0.0
TX,Donley County,0.0
TX,Edwards County,0.0
TX,Fisher County,0.0
TX,Foard County,0.0
TX,Garza County,0.0
TX,Glasscock County,0.0
NM,De Baca County,0.0
NM,Catron County,0.0
VA,Covington city,0.0
MT,Sheridan County,0.0
MT,Sweet Grass County,0.0
MT,Teton County,0.0
MT,Toole County,0.0
VA,Rappahannock County,0.0
MT,Wheatland County,0.0
MT,Wibaux County,0.0
NC,Camden County,0.0
VA,Prince George County,0.0
NC,Graham County,0.0
NC,Hyde County,0.0
VA,Poquoson city,0.0
NC,Tyrrell County,0.0
NC,Warren County,0.0
ND,Benson County,0.0
ND,Bowman County,0.0
ND,Cavalier County,0.0
VA,Northumberland County,0.0
ND,Divide County,0.0
ND,Dunn County,0.0
ND,Eddy County,0.0
VA,New Kent County,0.0
MT,Stillwater County,0.0
MT,Prairie County,0.0
VA,Craig County,0.0
MT,Powder River County,0.0
MS,Choctaw County,0.0
MS,Greene County,0.0
MS,Issaquena County,0.0
MS,Jasper County,0.0
TX,Reagan County,0.0
VA,Williamsburg city,0.0
MS,Quitman County,0.0
MT,Broadwater County,0.0
MT,Carter County,0.0
MT,Chouteau County,0.0
MT,Daniels County,0.0
MT,Fallon County,0.0
VA,Surry County,0.0
MT,Golden Valley County,0.0
MT,Granite County,0.0
MT,Jefferson County,0.0
MT,Liberty County,0.0
MT,McCone County,0.0
MT,Meagher County,0.0
MT,Mineral County,0.0
MT,Pondera County,0.0
VA,Nelson County,0.0
ND,Emmons County,0.0
ND,Griggs County,0.0
ND,Hettinger County,0.0
NE,Furnas County,0.0
NE,Garden County,0.0
VA,Goochland County,0.0
NE,Garfield County,0.0
NE,Gosper County,0.0
NE,Greeley County,0.0
NE,Harlan County,0.0
NE,Hitchcock County,0.0
NE,Jefferson County,0.0
NE,Kearney County,0.0
NE,Keya Paha County,0.0
NE,Pawnee County,0.0
NE,Rock County,0.0
NE,Saline County,0.0
NE,Sherman County,0.0
NE,Sioux County,0.0
VA,Dinwiddie County,0.0
NE,Stanton County,0.0
NE,Valley County,0.0
VA,Cumberland County,0.0
NE,Webster County,0.0
NE,Frontier County,0.0
NE,Franklin County,0.0
NE,Dundy County,0.0
ND,Steele County,0.0
ND,Kidder County,0.0
ND,Logan County,0.0
ND,McIntosh County,0.0
VA,Manassas Park city,0.0
ND,McKenzie County,0.0
ND,Mercer County,0.0
VA,Lunenburg County,0.0
ND,Mountrail County,0.0
ND,Richland County,0.0
ND,Towner County,0.0
NE,Dixon County,0.0
VA,King and Queen County,0.0
NE,Boyd County,0.0
NE,Brown County,0.0
NE,Butler County,0.0
NE,Chase County,0.0
NE,Cherry County,0.0
VA,Highland County,0.0
NE,Colfax County,0.0
NE,Deuel County,0.0
AK,Aleutians East Borough,0.0
